{
  "name": "demo",
  "version": "1.0.0",
  "description": "Express Demo",
  "main": "index.ts",
  "scripts": {
    "start": "ts-node index.ts",
    "test": "mocha -r ts-node/register 'tests/**/*.ts'",
    "lint": "eslint . --ext .ts"
  },
  "author": "mgfeller",
  "license": "ISC",
  "dependencies": {
    "body-parser": "^1.19.0",
    "dotenv": "^8.6.0",
    "express": "^4.17.1",
    "express-handlebars": "^5.3.2",
    "express-session": "^1.16.1",
    "nedb-promises": "^5.0.0"
  },
  "devDependencies": {
    "@types/body-parser": "^1.19.1",
    "@types/dotenv": "^8.2.0",
    "@types/express": "^4.17.13",
    "@types/express-handlebars": "^5.3.1",
    "@types/express-session": "^1.17.4",
    "@types/jsdom": "^16.2.13",
    "@types/chai-dom": "^0.0.10",
    "@types/mocha": "^9.0.0",
    "@typescript-eslint/eslint-plugin": "^4.29.1",
    "@typescript-eslint/parser": "^4.29.1",
    "eslint": "^7.32.0",
    "ts-node": "^10.0.0",
    "typescript": "^4.3.5",
    "jsdom": "^16.5.1",
    "mocha": "^8.3.2",
    "moment": "^2.29.1",
    "sinon": "^9.2.4",
    "chai": "^4.3.4",
    "chai-dom": "^1.9.0",
    "chai-http": "^4.3.0"
  }
}
